Time,Az_SM,Fs_L1,Fs_L2,Fs_R1,Fs_R2,Pitch,Roll,Vz_SM,Xo,Yaw,Yo
            5, 0.00430131983012, 7654.67529297, 3118.51464844, 7654.67529297, 3118.51464844, 0.252120494843,             0,             0,             0,             0,             0
        5.025, 0.00365703064017,   7652.484375, 3118.13574219, 7653.44189453,  3118.6953125, 0.251943081617, 6.73949398333e-05, 0.0036958954297, 0.347195476294, -4.85950704388e-06, 7.43495718325e-07
         5.05, 0.00228492892347, 7647.97558594, 3117.33911133, 7651.49560547, 3119.02172852, 0.25151386857, 0.000498466892168, 0.00641484092921, 0.694324553013, -2.03974468604e-05, 5.59717091164e-06
        5.075, 0.000291851116344, 7642.62255859, 3116.29223633,  7648.0703125, 3118.89892578, 0.250899255276, 0.00152082846034, 0.00754562346265, 1.04137682915, -5.04267009092e-05, 1.66987065313e-05
          5.1, -0.00123796262778, 7636.69921875, 3114.95385742, 7643.75537109, 3118.37695312, 0.250240981579, 0.00293914997019, 0.0070715919137, 1.38833880424, -0.000105588842416, 3.06698530039e-05
        5.125, -0.00194552715402, 7630.81787109,  3113.4074707, 7639.66601562, 3117.66186523, 0.249736100435, 0.00423682574183, 0.00560678867623, 1.73519551754, -0.000191658298718, 4.07893021475e-05
         5.15, -0.00199021119624, 7625.93408203, 3111.86328125, 7636.53271484, 3116.82348633, 0.249558568001, 0.0050161476247, 0.00383320171386, 2.08193278313, -0.000303687585983, 4.2738072807e-05
        5.175, -0.00170572882053, 7622.84033203, 3110.49487305, 7634.57666016, 3115.81689453, 0.249781966209, 0.00521242897958, 0.00218887533993, 2.42853927612, -0.000428725354141, 3.68307883036e-05
          5.2, -0.00132772664074, 7621.75390625,  3109.3503418, 7633.73486328, 3114.61669922, 0.250349283218, 0.00499931862578, 0.000847859191708,  2.7750082016, -0.000551697157789, 2.62761495833e-05
        5.225, -0.00092958076857, 7622.32958984, 3108.39404297, 7633.83398438, 3113.29199219, 0.251105964184, 0.00459227338433, -0.000149723186041, 3.12133693695, -0.000660355435684, 1.44147543324e-05
         5.25, -0.000505360367242, 7623.93701172, 3107.59277344, 7634.61865234, 3111.98535156, 0.251870989799, 0.00413393555209, -0.000785100506619, 3.46752548218, -0.000747580837924, 3.2617499528e-06
        5.275, -6.92375324434e-05, 7625.93652344, 3106.95678711, 7635.74658203, 3110.84814453, 0.252501577139, 0.00369179085828, -0.0010376960272, 3.81357693672, -0.000810622179415, -6.37225593891e-06
          5.3, 0.000313728960464, 7627.83837891, 3106.51757812, 7636.84814453, 3109.98608398, 0.252919435501, 0.00329936179332, -0.000922719133087, 4.15949583054, -0.000849530042615, -1.42227772812e-05
        5.325, 0.000565534108318, 7629.31542969,  3106.2890625, 7637.61376953,  3109.4387207, 0.253098607063, 0.00298078218475, -0.000522832851857, 4.50528860092, -0.000866434478667, -2.02072806132e-05
         5.35, 0.000644764048047, 7630.17138672, 3106.25317383, 7637.84472656, 3109.19311523, 0.253038197756, 0.00275105680339, 2.56989806076e-05, 4.85096120834, -0.000864894827828, -2.43878948822e-05
        5.375, 0.0012703841785, 7630.32128906, 3106.46728516, 7637.44580078, 3109.12646484, 0.252744317055, 0.00260415743105, 0.00056805141503, 5.19652223587, -0.000847876188345, -2.70733180514e-05
          5.4, -0.0542747266591, 7627.35986328, 3086.28344727, 7638.80371094, 3134.34570312, 0.25206181407, 0.00392578775063, -0.0031437126454, 5.54198122025, -0.0011498851236, -1.37169536174e-05
        5.425, -0.0805828794837, 7627.31591797, 3129.13818359, 7635.27441406, 3158.24731445, 0.24641931057, 0.00360969244502, -0.0150757683441, 5.88739156723, -0.00100122368895, -1.73207263288e-05
         5.45, -0.0790568143129,      7627.375, 3174.03442383, 7629.53564453, 3170.02734375, 0.233511090279, 0.00377688324079, -0.045035559684, 6.23279571533, -0.000808953715023, -1.52875109052e-05
        5.475, 0.0172231309116, 7623.27050781, 3220.66723633, 7625.36181641, 3176.98242188, 0.21309620142, 0.00530265178531, -0.0579419434071, 6.57820177078, -0.000658675853629, 6.0413879055e-07
          5.5, 0.0415633432567, 7612.19042969, 3242.16210938, 7626.84521484, 3229.02441406, 0.190532878041, 0.0106666367501, -0.0612578727305, 6.92355251312, -0.00113309489097, 5.48951757082e-05
        5.525, 0.356389820576, 7602.36181641, 3255.00634766, 7630.51806641, 3279.00854492, 0.173697203398, 0.0169320739806, -0.0455074980855, 7.26876449585, -0.0017695898423, 0.00011332872964
         5.55, 0.374653548002, 7596.23583984, 3282.24365234, 7636.42480469, 3314.45825195, 0.16358949244, 0.0226255506277, -0.0325113348663, 7.61383056641, -0.00232879677787, 0.000158906608704
        5.575, 0.0283638592809, 7591.36425781, 3266.09008789, 7646.27832031, 3371.53564453, 0.158543244004, 0.0303937438875, -0.0234968159348, 7.95877408981, -0.00346566271037, 0.000219778099563
          5.6, -0.0648000240326, 7592.16259766, 3286.34814453, 7653.66113281, 3380.21972656, 0.154885306954, 0.0357924588025, -0.00342442234978, 8.30363750458, -0.00413506105542, 0.00024855567608
        5.625, -0.0598770342767, 7589.65576172, 3299.91015625, 7661.98779297,  3388.1003418, 0.150789007545, 0.0409917384386, -0.0114852217957, 8.64844417572, -0.00491375708953, 0.000268140051048
         5.65, -0.0573591031134, 7590.55078125,  3326.2956543, 7664.89404297,  3366.7565918, 0.147242948413, 0.0432909019291, -0.018650919199, 8.99318695068, -0.00542388018221, 0.000250507553574
        5.675, 0.0523089058697, 7588.30810547, 3349.08325195, 7668.81054688, 3353.88476562, 0.144865438342, 0.0456493347883, -0.0064277742058, 9.33785915375, -0.00605439161882, 0.000230843666941
          5.7, -0.0753038525581, 7581.95703125, 3339.53955078, 7675.47802734, 3370.99804688, 0.144266232848, 0.0498512461782, 0.00325939874165, 9.68246364594, -0.00710193114355, 0.000230168749113
        5.725, 0.0415904410183, 7575.99951172, 3320.24194336, 7681.59521484, 3393.61010742, 0.144739747047, 0.0535101257265, 0.000636428245343, 10.0270118713, -0.00818064529449, 0.000223106500925
         5.75, -0.103322982788, 7573.09667969, 3300.26977539, 7684.46923828, 3414.99682617, 0.145217627287, 0.0560757182539, 0.0207367837429, 10.3715238571, -0.00916567444801, 0.00020541001868
        5.775, -0.0617518126965, 7575.30517578, 3308.99731445, 7681.34912109, 3399.46582031, 0.145625084639, 0.0556752830744, -0.00185684277676, 10.7160072327, -0.00958197005093, 0.000158706941875
          5.8, -0.134712219238, 7576.69677734, 3322.74951172, 7677.64208984, 3385.74755859, 0.145055368543, 0.0548243224621, 0.0057712579146, 11.0604772568, -0.00984606146812, 0.000111734989332
        5.825, 0.0403185226023, 7576.50878906, 3361.49047852, 7673.12011719, 3353.14916992, 0.143708869815, 0.0524421520531, -0.0060650059022, 11.4049367905, -0.00966986361891, 5.34366081411e-05
         5.85, -0.0802476853132, 7571.31640625, 3339.95849609, 7672.93261719, 3370.98999023, 0.142421618104, 0.0530144385993, 0.00339997257106, 11.7493829727, -0.0101049495861, 3.22389350913e-05
        5.875, 0.309338182211, 7566.85253906, 3327.86962891, 7672.31591797, 3385.80859375, 0.141110271215, 0.0533259063959, -0.00191789283417, 12.0938215256, -0.0103223631158, 1.41748359965e-05
          5.9, -0.115266606212, 7563.50634766, 3306.71118164,  7671.2734375, 3423.05444336, 0.139742210507, 0.0545172654092, 0.0277476608753, 12.4382553101, -0.0106061436236, 1.09741322376e-05
        5.925, -0.0821934938431, 7562.56591797, 3304.40576172, 7668.57519531, 3423.44458008, 0.139588266611, 0.053673569113, 0.0172646846622, 12.7826786041, -0.0103836283088, -9.83274640021e-06
         5.95, -0.0613785423338, 7564.02441406, 3297.05761719, 7664.64306641, 3414.00488281, 0.13997220993, 0.0522029474378, 0.00834496226162, 13.1271009445, -0.0100317057222, -3.30777875206e-05
        5.975, -0.0665839985013, 7564.97021484,  3309.6027832, 7660.28808594, 3412.53515625, 0.138307496905, 0.0507217869163, 0.00283649517223, 13.4715518951, -0.00954073853791, -5.16758263984e-05
            6, -0.150425359607, 7567.96435547, 3330.67236328,  7654.2265625, 3383.11352539, 0.137087926269, 0.0485329590738, 7.4854666309e-05, 13.8160104752, -0.00876648165286, -7.39092574804e-05
        6.025, -0.28255045414, 7566.95263672, 3330.79638672, 7652.30615234, 3387.15600586, 0.135875657201, 0.0489152595401, 0.00302635785192, 14.1604814529, -0.00834623817354, -6.53740935377e-05
         6.05, 0.0507375821471, 7567.34179688, 3371.87231445, 7649.31542969, 3357.19750977, 0.135191977024, 0.0474263057113, -0.00597594631836, 14.5049600601, -0.00741114001721, -7.57665911806e-05
        6.075, -0.0698439702392, 7561.82714844, 3351.92822266, 7652.70507812, 3379.79370117, 0.135285586119, 0.0491855032742, -0.00111891585402, 14.8494501114, -0.0072238878347, -5.14781204402e-05
          6.1, 0.293439298868, 7557.25830078, 3331.23803711,  7655.7421875, 3400.73632812, 0.13557612896, 0.0506930798292, -0.00162090989761, 15.1939582825, -0.00704663619399, -3.01997260976e-05
        6.125, 0.361756324768, 7556.24072266, 3332.17675781, 7655.56396484, 3402.85888672, 0.135353967547, 0.05102853477, -0.0060580521822, 15.5384941101, -0.0066324044019, -2.1344050765e-05
         6.15, 0.0121200941503, 7554.37060547, 3296.12548828, 7656.24023438, 3426.79174805, 0.135306477547, 0.0528206825256, -0.00845892541111, 15.8830547333, -0.00665904767811, 2.70888040177e-06
        6.175, -0.070403970778, 7557.19970703, 3311.24169922, 7652.77783203, 3414.90185547, 0.134370610118, 0.0522198714316, 0.00649526156485, 16.2276535034, -0.0061489995569, 1.33230287247e-06
          6.2, -0.0700023025274, 7559.97949219, 3339.41894531, 7648.41210938,   3390.421875, 0.13334967196, 0.0510912947357, -0.00330193410628, 16.5722885132, -0.00551198981702, -5.85094448979e-06
        6.225, 0.07812038064, 7559.82080078, 3358.35302734, 7646.81396484, 3362.08374023, 0.132984921336, 0.0502594187856, -0.0104613602161, 16.9169559479, -0.00495150126517, -1.04322225525e-05
         6.25, -0.100967660546, 7558.08789062, 3362.98657227, 7646.49609375, 3374.65771484, 0.131874069571, 0.0509085468948, 0.0222129579633, 17.2616786957, -0.00480420701206, 1.48476686945e-07
        6.275, 0.0337525494397, 7555.90771484, 3369.72363281, 7646.19824219, 3364.68798828, 0.131985798478, 0.0508768558502, -0.0114394621924, 17.6064414978, -0.00455625448376, 2.89854506264e-06
          6.3, -0.071405403316, 7551.55175781, 3357.09912109, 7648.15039062, 3384.59448242, 0.13124075532, 0.052098184824, -0.00304389954545, 17.9512729645, -0.00469307042658, 1.84412529052e-05
        6.325, -0.0036122049205, 7546.81494141, 3328.41479492, 7649.77392578, 3403.74291992, 0.130687072873, 0.0535735040903, -0.00233597354963, 18.2961654663, -0.00496915727854, 3.65081577911e-05
         6.35, -0.11725589633, 7543.92285156, 3311.23217773, 7649.41601562, 3432.25854492, 0.129170909524, 0.0552251860499, 0.0205192286521, 18.6411361694, -0.00525753386319, 5.70191768929e-05
        6.375, -0.066718518734, 7544.75244141, 3305.63354492, 7646.49169922, 3420.60839844, 0.129617080092, 0.0549777038395, 0.00807259324938, 18.9861545563, -0.00518774334341, 5.68938412471e-05
          6.4, -0.035104367882, 7545.64697266, 3326.87573242, 7642.77539062, 3414.12719727, 0.129064306617, 0.0533110871911, -0.00209687044844, 19.3312511444, -0.00497070048004, 4.12281078752e-05
        6.425, -0.287698417902, 7548.10351562, 3335.78051758, 7639.05810547, 3396.36572266, 0.129092022777, 0.0514819137752, 0.00437388801947, 19.6764163971, -0.00477845873684, 2.50976772804e-05
         6.45, 0.0391072444618, 7549.73095703, 3373.91870117, 7635.37158203, 3368.13061523, 0.128132820129, 0.0494703538716, -0.00714150676504, 20.0216598511, -0.00435335980728, 9.38168614084e-06
        6.475, -0.0730413496494, 7545.17041016, 3358.35131836, 7638.02392578, 3384.54370117, 0.127626359463, 0.0508434660733, -0.00366024090908, 20.3669700623, -0.00458752596751, 3.07507034449e-05
          6.5, 0.0865646153688, 7541.81933594, 3331.87304688, 7640.39794922, 3402.89355469, 0.128088533878, 0.0519748330116, -0.000567718176171, 20.7123374939, -0.00487409438938, 4.89798258059e-05
        6.525, -0.0910464897752, 7540.68847656, 3316.86743164, 7641.43505859, 3421.21337891, 0.128519251943, 0.0527221001685, 0.0177200175822,  21.057767868, -0.00507772341371, 6.33747986285e-05
         6.55, -0.0620901808143, 7544.93164062, 3323.97631836, 7638.33935547, 3411.68237305, 0.12954826653, 0.0518777780235, -0.00114338984713,   21.40325737, -0.00492860050872, 6.10563438386e-05
        6.575, -0.0696502923965, 7549.17236328, 3346.42480469, 7635.39501953, 3389.50830078, 0.130256146193, 0.0502620264888, -0.00251174438745, 21.7488098145, -0.00458237761632, 5.06260548718e-05
          6.6, 0.00224535469897, 7550.76123047, 3363.85986328, 7634.86621094, 3367.17895508, 0.130590885878, 0.0487476289272, 0.00258611887693, 22.0944252014, -0.00425503822044, 4.12093286286e-05
        6.625, -0.030216621235, 7551.37646484, 3365.51831055, 7634.92333984, 3368.43676758, 0.130151763558, 0.0483064316213, 0.00753166526556, 22.4401035309, -0.00419404869899, 4.3465388444e-05
         6.65, -0.0781187862158, 7548.51806641, 3350.16503906, 7638.23339844, 3383.74072266, 0.130119040608, 0.0487651750445, -3.52817878593e-05, 22.7858333588, -0.00436299154535, 5.546513421e-05
        6.675, 0.257999122143,  7545.5078125,  3334.0703125, 7641.76416016, 3405.25634766, 0.12981005013, 0.050394974649, -0.00718756997958, 23.1316146851, -0.00463607162237, 8.10695200926e-05
          6.7, 0.00905727036297, 7544.51855469, 3299.29296875, 7644.18603516, 3427.62646484, 0.130271539092, 0.0531926453114, -0.0086178695783,  23.477437973, -0.00505911977962, 0.000118867006677
        6.725, -0.0708036869764, 7547.93896484, 3310.93408203, 7643.32275391, 3419.48828125, 0.13066123426, 0.0529110096395, 0.00922979880124, 23.8233089447, -0.00491969240829, 0.000121136217786
         6.75, 0.0716383457184, 7552.13232422, 3336.74902344, 7641.06347656, 3394.36352539, 0.131476327777, 0.0512526258826, 0.00179611088242, 24.1692218781, -0.00457168370485, 0.000106964587758
        6.775, -0.0706580430269, 7552.97070312, 3342.17944336, 7641.66357422, 3391.68164062, 0.132051303983, 0.0506823882461, -0.000639138219412, 24.5151805878, -0.0045148152858, 0.000103734426375
          6.8, 0.0225511323661, 7555.24169922, 3369.61206055, 7640.30761719, 3367.07006836, 0.131743788719, 0.0484244041145, -0.006848576013, 24.8611907959, -0.00418441416696, 8.22335059638e-05
        6.825, -0.0740844234824, 7551.94384766, 3353.98730469, 7643.61816406,  3378.1027832, 0.130826160312, 0.0496430657804, -0.00525234639645, 25.2072525024, -0.00444948719814, 9.94777874439e-05
         6.85, 0.446033120155, 7548.73486328, 3335.31811523, 7646.85009766, 3398.83251953, 0.130274191499, 0.0511777102947, -0.0083332285285, 25.5533485413, -0.00478161824867, 0.000119730495499
        6.875, -0.0861531496048, 7548.23632812, 3313.91650391, 7648.25537109, 3420.02978516, 0.131266906857, 0.0521845966578, 0.0203849188983, 25.8994655609, -0.00511276489124, 0.000133296562126
          6.9, -0.0699380114675, 7551.02734375, 3307.63793945,  7647.4453125, 3416.02246094, 0.133332148194, 0.0518910363317, 0.00933167804033, 26.2456092834, -0.00515958899632, 0.000132897199364
        6.925, -0.127614080906, 7556.26269531, 3332.22949219, 7643.99316406, 3395.68334961, 0.134202197194, 0.0502727106214, 0.00580027559772, 26.5918006897, -0.00487224617973, 0.000118543190183
         6.95, 0.0858477577567, 7558.61572266, 3356.45532227, 7642.21289062, 3358.33129883, 0.134994447231, 0.0480589717627, -0.00965355802327, 26.9380321503, -0.00444121751934, 9.76963492576e-05
        6.975, 0.0332127474248, 7555.10644531, 3348.87695312, 7645.08837891, 3377.20678711, 0.134405761957, 0.0482375696301, -0.00360956368968, 27.2843093872, -0.00459217373282, 0.00010248277249
            7, 0.575310051441,  7554.0390625, 3343.42504883, 7645.28857422, 3384.25390625, 0.134104087949, 0.0476885288954, -0.0140055539086, 27.6306171417, -0.00465039722621, 0.000100203105831
        7.025, 0.0298905223608, 7553.02392578, 3327.40478516, 7646.16259766, 3396.41235352, 0.133901670575, 0.0478741824627, -0.0065998272039, 27.9769554138, -0.00483698537573, 0.000107158448373
         7.05, -0.111795082688, 7552.74951172, 3318.75048828, 7646.32763672, 3412.08740234, 0.132976129651, 0.0490313060582, 0.0197106283158, 28.3233318329, -0.00504667172208, 0.000125975260744
        7.075, -0.132795423269, 7551.98876953, 3315.15551758, 7647.29394531, 3428.39160156, 0.131980612874, 0.0507079102099, 0.0272382181138, 28.6697387695, -0.00525360554457, 0.000149866638822
          7.1, -0.0175253599882, 7551.10498047, 3307.29833984, 7648.81347656, 3427.31762695, 0.132251158357, 0.0517661944032, 0.00419174693525,  29.016160965, -0.00538715394214, 0.000164742741617
        7.125, -0.0617356151342, 7554.61962891, 3321.62402344, 7646.54052734, 3411.46435547, 0.132423549891, 0.0510127581656, -0.00653774244711,  29.362613678, -0.00529184890911, 0.000157759917784
         7.15, -0.447319954634, 7557.24316406,  3331.2355957,   7645.734375, 3390.37939453, 0.133169859648, 0.0505593344569, 0.00677072210237, 29.7090854645, -0.00519719207659, 0.000153202156071
        7.175, -0.0521523617208, 7558.63525391, 3342.35058594, 7645.13623047, 3375.00976562, 0.134100705385, 0.0499827340245, -0.0159985199571, 30.0555820465, -0.00509884301573, 0.000146101854625
          7.2, -0.0199641119689, 7559.75634766, 3357.91723633,   7644.859375, 3370.69335938, 0.134287670255, 0.0485158152878, 0.00118637387641, 30.4021091461, -0.00502953771502, 0.000128115862026
        7.225, -0.0790423676372, 7557.57910156, 3352.56713867, 7647.05322266, 3376.30786133, 0.134421646595, 0.0482118465006, 0.0022658596281,  30.748664856, -0.00518596032634, 0.000123733538203
         7.25, -0.0713465586305,  7557.1640625, 3351.69750977, 7647.37792969, 3375.90039062, 0.134165495634, 0.0479800365865, -0.00707263220102,  31.095249176, -0.00524949468672, 0.000121797995234
        7.275, 0.209394201636, 7554.77050781, 3330.70751953, 7649.70849609,   3400.671875, 0.133860081434, 0.0490042641759, -0.00335954152979, 31.4418563843, -0.00560298841447, 0.000133775029099
          7.3, 0.00853950809687, 7553.59472656, 3296.63842773, 7650.95166016, 3427.31835938, 0.134136334062, 0.0510619617999, -0.0078199878335, 31.7884807587, -0.00609011622146, 0.000157854519784
        7.325, -0.0679040849209, 7556.73486328, 3310.43725586, 7648.91064453, 3414.69946289, 0.134138867259, 0.0513959303498, 0.00648180302233, 32.1351280212, -0.00598903000355, 0.000163726857863
         7.35, -0.384105652571, 7559.31005859, 3330.62109375, 7646.95947266, 3388.00415039, 0.134769171476, 0.0505965463817, 0.00367464777082,   32.48179245, -0.00570103945211, 0.000155170695507
        7.375, 0.119405895472, 7560.76708984, 3356.31640625, 7645.84423828, 3361.87524414, 0.135142207146, 0.048823133111, -0.0148891415447, 32.8284835815, -0.00534011144191, 0.000134310597787
          7.4, -0.0528378859162, 7558.46923828, 3359.42456055, 7647.68847656, 3365.99072266, 0.134848579764, 0.0488397888839, -0.00331189483404,  33.175201416, -0.0053533888422, 0.000132756162202
        7.425, -0.0676546171308, 7558.51708984, 3355.64233398, 7647.83154297, 3367.86132812, 0.134936496615, 0.0489037036896, 0.000617997720838, 33.5219345093, -0.00539205083624, 0.00013204208517
         7.45, -0.0660044625401, 7557.52929688, 3353.31738281, 7648.70996094, 3378.44921875, 0.13471019268, 0.0488543957472, -0.0047216238454, 33.8686943054, -0.00546494498849, 0.000130087719299
        7.475, 0.453883558512, 7555.88378906, 3337.70776367,   7649.953125,  3390.1262207, 0.134772852063, 0.0486614592373, -0.0059068328701,  34.215473175, -0.00564799876884, 0.000126707280288
          7.5, 0.403404474258,      7555.375, 3335.92553711, 7650.28955078, 3400.12695312, 0.133877500892, 0.048544831574, -0.00872033648193, 34.5622825623, -0.00575111620128, 0.000126046463265
        7.525, -0.00791593175381, 7554.70019531, 3303.36352539, 7650.82714844,  3427.4777832, 0.133302807808, 0.0503948479891, -0.00253893458284, 34.9091110229, -0.00620046816766, 0.000147758953972
         7.55, -0.0696675628424, 7557.45068359, 3308.09179688, 7648.86132812, 3418.55761719, 0.133073359728, 0.0507408343256, 0.00981358252466, 35.2559547424, -0.00615807482973, 0.000153776927618
        7.575, -0.0606091320515, 7556.93652344, 3315.76464844, 7649.23535156, 3418.47875977, 0.132966220379, 0.0515200421214, 0.00112155464012, 35.6028175354, -0.00615393789485, 0.000163206801517
          7.6, -0.0733175128698, 7560.20166016, 3339.61010742, 7646.84033203, 3387.86889648, 0.133788526058, 0.0501442290843, 0.000933454721235, 35.9496879578, -0.00584122911096, 0.000147336380905
        7.625, 0.0177095234394, 7561.13818359, 3366.12304688, 7646.33691406,    3363.96875, 0.133974596858, 0.0488538146019, -0.00285434466787, 36.2965888977, -0.00556350918487, 0.0001314758847
         7.65, -0.0508516728878, 7558.27978516, 3359.72998047, 7648.89990234, 3369.23120117, 0.133904099464, 0.0504123456776, -0.00484780268744, 36.6435089111, -0.00574986962602, 0.000146494581713
        7.675, -0.00368399871513, 7556.08789062, 3350.60668945, 7651.41503906,   3379.859375, 0.13406765461, 0.0519401468337, -0.00393521552905, 36.9904441833, -0.00596272433177, 0.000159712799359
          7.7, -0.0949574112892, 7552.59570312, 3322.16479492, 7654.99609375, 3396.81103516, 0.135377168655, 0.0526485331357, -0.00197473424487,  37.337387085, -0.0062950765714, 0.000161573829246
        7.725, -0.138031333685, 7552.27587891, 3312.13964844, 7655.54589844, 3420.18701172, 0.135648682714, 0.0524487942457, 0.0312912724912, 37.6843605042, -0.00652013579383, 0.000154559849761
         7.75, -0.0562756024301,  7555.0859375, 3296.43481445, 7654.08398438, 3415.45849609, 0.137179046869, 0.0519280582666, 0.00971124600619,  38.031337738, -0.00656214961782, 0.000146572958329
        7.775, -0.0675709471107, 7557.94580078, 3308.21704102, 7651.19677734,  3411.3269043, 0.136838823557, 0.0504933483899, 0.00476698111743, 38.3783493042, -0.0064172912389, 0.000130407730467
          7.8, 0.126862347126, 7562.37695312, 3332.70458984,  7646.6484375, 3388.55200195, 0.136285930872, 0.0484391264617, -0.00243692239746, 38.7253837585, -0.00606941292062, 0.000109363783849
        7.825, 0.0475796833634, 7564.10888672, 3365.22949219, 7644.18603516, 3357.42456055, 0.135634899139, 0.0462374128401, -0.00718571618199, 39.0724372864, -0.00558476801962, 8.79929648363e-05
         7.85, -0.0798466056585, 7560.12939453, 3338.99023438, 7647.37255859, 3371.21899414,  0.1361374259, 0.0474227517843, 0.0018247612752, 39.4194946289, -0.00577388796955, 0.000103722282802
        7.875, 0.595809340477, 7556.67871094, 3333.96459961, 7650.18164062, 3395.70068359, 0.136041358113, 0.0481927767396, -0.00599206844345, 39.7665672302, -0.00586506631225, 0.000115124261356
          7.9, -0.103202588856, 7556.84277344, 3320.56347656, 7650.58886719, 3396.31030273, 0.137376770377, 0.0483252480626, 0.00248036766425, 40.1136474609, -0.00583862978965, 0.000119915057439
        7.925, -0.121286273003, 7555.93652344, 3308.15014648, 7651.47119141, 3420.65063477, 0.136757016182, 0.0499028749764, 0.0218339599669, 40.4607582092, -0.00603943550959, 0.000140749441925
         7.95, -0.0735145658255, 7558.87597656, 3308.61035156, 7649.24121094, 3401.20239258, 0.136816799641, 0.049757309258, 0.00257365731522, 40.8078842163, -0.00584140513092, 0.000142075732583
        7.975, -0.0610578991473, 7562.49755859, 3336.11645508, 7645.54052734, 3381.83251953, 0.13593262434, 0.0485724844038, -0.00975909177214, 41.1550292969, -0.00546078430489, 0.000130889951834
            8, 0.0312819927931, 7562.98632812,  3355.1315918, 7645.09570312, 3362.91455078, 0.136025696993, 0.0474311299622, -0.00190379854757, 41.5021781921, -0.0051328050904, 0.000118979958643
        8.025, -0.0663060173392, 7559.65185547, 3344.35766602, 7648.10742188, 3375.62182617, 0.136410728097, 0.0479502603412, -0.00115668855142, 41.8493385315, -0.00522164488211, 0.000124452140881
         8.05, 0.530112922192, 7558.14013672, 3344.93920898,    7649.46875, 3382.02612305, 0.136241480708, 0.0480854362249, -0.0159699320793, 42.1965179443, -0.00520196044818, 0.000126377301058
        8.075, 0.196432545781, 7556.75683594,  3328.7902832, 7651.63525391, 3398.44091797, 0.136039495468, 0.0489761717618, -0.00630576722324, 42.5437088013, -0.00539774820209, 0.000136522881803
          8.1, -0.112904116511, 7555.59863281, 3308.27124023, 7652.93652344, 3421.42480469, 0.135242909193, 0.0510411933064, 0.0190503243357, 42.8909187317, -0.00573872355744, 0.00015980641183
        8.125, -0.0724275410175, 7558.85498047, 3311.98339844, 7650.67675781, 3401.22216797, 0.135716676712, 0.0504068434238, 0.00432551139966, 43.2381286621, -0.00557906134054, 0.00015257539053
         8.15, -0.0341369360685, 7562.89208984, 3340.51538086, 7647.04101562, 3386.19946289, 0.135664045811, 0.0484716929495, -0.00825529824942, 43.5853538513, -0.00526405125856, 0.000130422180519
        8.175, -0.0365984067321, 7563.14160156, 3337.50805664, 7647.39160156,  3387.8425293, 0.136239334941, 0.0480801947415, -0.00122993579134, 43.9325866699, -0.00527841923758, 0.000125416132505
          8.2, 0.0619328431785, 7565.33691406, 3369.41308594, 7645.36376953, 3357.86767578, 0.135882750154, 0.0457546785474, -0.0115849012509,  44.279838562, -0.00486160768196, 0.000100488614407
        8.225, -0.0614590905607, 7561.41552734,  3352.4777832, 7648.86425781, 3377.66308594, 0.135245367885, 0.0471952259541, -0.00477453414351, 44.6271018982, -0.00513210194185, 0.000117273833894
         8.25, 0.521137237549, 7559.09326172,  3338.8190918, 7650.71191406, 3387.01171875, 0.135230690241, 0.0486171729863, -0.00647404557094, 44.9743728638, -0.00531106535345, 0.000134044952574
        8.275, 0.00656615104526, 7558.19335938, 3331.49121094, 7651.97119141, 3392.08740234, 0.135394126177, 0.049243170768, 0.00275288429111,  45.321647644, -0.00540995504707, 0.000140970281791
          8.3, 0.0132183590904, 7555.86962891, 3302.99414062, 7654.22802734, 3427.17626953, 0.13514187932, 0.0511429049075, -0.00134859629907, 45.6689376831, -0.0058894190006, 0.000160710696946
        8.325, -0.0735836476088, 7559.43603516, 3313.90698242, 7651.74804688, 3401.82836914, 0.135701954365, 0.0505854748189, 0.00458137039095, 46.0162315369, -0.00570930540562, 0.000154353750986
         8.35, -0.407203167677, 7561.66113281, 3322.40332031, 7650.44726562, 3394.16479492, 0.136116653681, 0.0499479398131, 0.00763813359663, 46.3635292053, -0.00561971729621, 0.000145819431054
        8.375, -0.323605954647, 7563.26464844, 3330.90356445,       7649.25, 3390.67553711, 0.136355251074, 0.0487994030118, 0.00534718856215, 46.7108421326, -0.00555819552392, 0.000131336448248
          8.4, -0.0351178832352, 7564.97363281, 3344.90429688, 7647.55712891, 3370.64355469, 0.13666805625, 0.0472521223128, -0.020182300359, 47.0581588745, -0.00535895908251, 0.00011373070447
        8.425, 0.039778240025, 7566.24707031, 3371.41088867, 7646.13085938, 3354.68261719, 0.135719880462, 0.0457170568407, -0.00748025998473, 47.4054985046, -0.00509696733207, 9.745972784e-05
         8.45, -0.0642624124885, 7563.68603516, 3356.97558594, 7647.81689453, 3370.26025391, 0.135061591864, 0.0462332218885, -0.00368561665528, 47.7528419495, -0.00530477752909, 0.000103644139017
        8.475, 0.395042687654, 7559.02978516, 3333.56030273, 7652.00732422, 3398.30395508, 0.134805217385, 0.0481351464987, -0.00612303614616, 48.1001853943, -0.00564903905615, 0.000125950246002
          8.5, -0.0644199475646, 7557.94482422, 3306.96166992, 7653.34912109, 3423.82641602, 0.135518655181, 0.0500467009842, 0.0137786064297, 48.4475250244, -0.00599366938695, 0.000148216378875
        8.525, -0.0654770359397,   7561.296875, 3307.91162109, 7651.37548828, 3413.49951172, 0.136963069439, 0.0491649657488, 0.00760274287313, 48.7948646545, -0.00587232550606, 0.00013927029795
         8.55, -0.142496570945, 7565.31005859, 3330.09301758, 7648.30664062,  3389.2590332, 0.137789100409, 0.0476115196943, 0.00616470398381, 49.1422157288, -0.00552605511621, 0.000123651581816
        8.575, 0.102220639586, 7566.82470703, 3350.88745117, 7646.73388672, 3357.90307617, 0.138437271118, 0.0463727675378, -0.0160681288689, 49.4895782471, -0.00513012101874, 0.000111706358439
          8.6, 0.0268541630358, 7565.96826172, 3363.22631836, 7646.78710938, 3349.99121094, 0.138136491179, 0.0459498874843, -0.0092612169683, 49.8369522095, -0.00493136653677, 0.000107929445221
        8.625, -0.00676548620686, 7562.60888672, 3343.98999023, 7649.68310547, 3375.62939453, 0.137756869197, 0.0468054041266, -0.00198815995827, 50.1843299866, -0.00518356682733, 0.00011703351629
         8.65, 0.240421637893, 7559.77197266,  3327.2109375, 7651.86816406, 3390.04394531, 0.13739284873, 0.0478299818933, -0.00295976805501, 50.5317153931, -0.00541417906061, 0.000128780695377
        8.675, 0.0152348605916, 7557.66210938, 3297.33349609, 7653.78613281,  3421.0534668, 0.136840611696, 0.0505944564939, -0.00651610316709,  50.879108429, -0.00587348733097, 0.000159880888532
          8.7, -0.0622035190463, 7559.31396484, 3299.16162109, 7653.38671875,  3408.8684082, 0.13732637465, 0.051028188318, 0.00972507242113, 51.2264900208, -0.00579642411321, 0.000164721801411
        8.725, -0.0609479099512,     7561.0625, 3317.98510742, 7651.75488281, 3402.14990234, 0.137573838234, 0.04980064556, -0.00375973130576, 51.5738792419, -0.00563534209505, 0.000149188621435
         8.75, -0.052861455828, 7564.64892578,   3330.578125,  7649.5234375, 3387.67260742, 0.13818924129, 0.0479748807847, 0.00252678547986, 51.9212646484, -0.00549261877313, 0.000127115432406
        8.775, 0.0618291459978, 7566.86230469, 3367.51733398, 7647.40136719, 3355.71850586, 0.137744382024, 0.0461001247168, -0.0105073852465, 52.2686691284, -0.00509622460231, 0.000106569765194
          8.8, -0.0793614238501, 7563.55322266, 3344.25805664, 7650.37109375,  3369.6027832, 0.137707963586, 0.0476075075567, 0.0019359246362, 52.6160697937, -0.0053829383105, 0.000122665296658
        8.825, 0.0356314107776, 7559.69921875, 3322.21166992, 7653.99023438, 3389.42431641, 0.137908235192, 0.0491071604192, 0.000858459039591,  52.963470459, -0.0056826886721, 0.000138286399306
         8.85, -0.112817488611, 7558.76953125, 3312.84057617, 7654.95898438, 3404.85131836, 0.138377159834, 0.049657907337, 0.0256555322558, 53.3108711243, -0.00585354678333, 0.000143307508552
        8.875, -0.135940074921, 7558.62597656, 3308.59887695, 7655.44335938, 3420.63378906, 0.138704016805, 0.0500079020858, 0.0291094798595, 53.6582756042, -0.00600639823824, 0.000146366524859
          8.9, -0.0691313669086, 7562.11914062, 3305.08886719,    7653.15625,  3406.9362793, 0.139580920339, 0.0496825501323, 0.00527455285192, 54.0056724548, -0.00595792336389, 0.000142766948557
        8.925, -0.0650479122996, 7566.25439453, 3334.62231445, 7649.03222656, 3378.61914062, 0.139016345143, 0.0481412187219, -0.0083577837795, 54.3530921936, -0.00558011932299, 0.000126161045046
         8.95, -0.0728527605534, 7566.07177734, 3339.97094727, 7648.83789062, 3379.60595703, 0.138069570065, 0.0478805489838, -0.00314070982859, 54.7005119324, -0.00554241612554, 0.000122693876619
        8.975, -0.0073698265478, 7566.99658203, 3357.27001953, 7647.60009766, 3361.00634766, 0.137512147427, 0.0461008958519, 0.00470147049055, 55.0479316711, -0.00529057206586, 0.000102593134216
            9, 0.0120511911809, 7563.54833984, 3352.97192383, 7650.18457031, 3376.74682617, 0.136774867773, 0.0461917035282, -0.00649295048788, 55.3953514099, -0.00542041100562, 0.000103561615106
        9.025, -0.0711994245648, 7563.99414062, 3353.91894531, 7649.90966797, 3374.19897461, 0.136894598603, 0.0460981652141, -0.00307149835862, 55.7427635193, -0.00539750093594, 0.000104282720713
         9.05, 0.331030160189, 7562.20263672, 3335.70996094, 7651.86035156, 3386.47631836, 0.137132138014, 0.0470583848655, -0.00330657628365, 56.0901756287, -0.00560242170468, 0.000116367453302
        9.075, 0.502731502056, 7562.17431641,  3338.6965332, 7652.06591797, 3390.33105469, 0.136487111449, 0.0472432151437, -0.00792104657739, 56.4375953674, -0.00561811076477, 0.000120207871078
          9.1, 0.546287834644, 7561.75048828, 3338.32080078, 7652.45800781, 3392.31958008, 0.135463774204, 0.0476085245609, -0.00998389720917, 56.7850227356, -0.00567057728767, 0.000125664082589
        9.125, -0.0126758292317, 7559.21289062, 3299.51464844, 7655.02587891, 3425.21044922, 0.134898602962, 0.0502673611045, -0.00598650425673, 57.1324424744, -0.00621327525005, 0.000155288929818
         9.15, -0.0291181355715, 7558.85546875, 3304.26098633, 7655.57324219, 3421.14111328, 0.134856000543, 0.0508424080908, 0.00405246764421, 57.4798545837, -0.00622122501954, 0.000161781586939
        9.175, -0.0712052956223, 7561.71777344, 3311.61376953, 7653.85498047, 3408.02734375, 0.135937184095, 0.0498784855008, 0.0078363250941,  57.827255249, -0.00611997302622, 0.00014972340432
          9.2, -0.0611720904708, 7566.61621094, 3340.22241211, 7649.91699219, 3385.52490234, 0.136701345444, 0.0476913228631, -0.00568102719262,  58.174659729, -0.00580365536734, 0.00012441034778
        9.225, 0.0621079690754, 7568.41552734, 3370.88989258, 7648.75732422, 3354.18969727, 0.137422293425, 0.0459042489529, -0.00649171555415, 58.5220603943, -0.00540858972818, 0.000104626262328
         9.25, 0.0260265860707, 7568.69873047, 3366.84228516, 7648.69824219, 3356.77832031, 0.137818589807, 0.0458932481706, -0.00524405948818,  58.869468689, -0.00543158082291, 0.000104083184851
        9.275, -0.0612480267882, 7564.78222656, 3347.57226562, 7651.65429688, 3378.86328125, 0.137223601341, 0.0464983023703, -0.00281793135218, 59.2168807983, -0.00569895934314, 0.00011004525004
          9.3, 0.223914280534, 7561.06738281, 3327.50976562, 7654.29638672, 3393.81469727, 0.136460036039, 0.0482710637152, -0.00776635948569, 59.5643005371, -0.00599277159199, 0.000130448752316
        9.325, 0.0131597109139,   7559.140625, 3294.38183594, 7655.83544922, 3419.28076172,  0.1366006881, 0.0512031428516, -0.0068995365873, 59.9117050171, -0.0064443317242, 0.000163065225934
         9.35, -0.0682880654931, 7561.80175781, 3305.18554688, 7654.33349609,  3411.8581543, 0.137558713555, 0.0510050617158, 0.0122834583744, 60.2590942383, -0.00631800759584, 0.000159796778462
        9.375, -0.0679090172052,    7565.65625, 3334.35302734, 7651.28759766, 3380.40014648, 0.139172181487, 0.0490604899824, 0.000460280163679, 60.6064796448, -0.00587926851586, 0.000136609363835
          9.4, 0.0436939373612, 7567.39355469,  3365.6940918, 7650.16748047, 3349.75805664, 0.140099644661, 0.0467410571873, -0.00515329930931,  60.953868866, -0.00541342189535, 0.00010904683586
        9.425, -0.0790782645345, 7564.74462891, 3345.08154297, 7652.32568359, 3366.35229492, 0.140267491341, 0.0468201413751, 0.00148856628221, 61.3012657166, -0.0055871992372, 0.000107639767521
         9.45, -0.0506510809064,   7561.609375, 3318.16577148, 7654.61230469, 3387.75415039, 0.13994936645, 0.0472672097385, -0.00765879265964, 61.6486663818, -0.00581331783906, 0.000111969457066
        9.475, -0.0842862054706, 7561.04150391, 3299.65380859, 7654.36328125, 3414.80029297, 0.138972207904, 0.0481592193246, 0.0132407005876, 61.9960708618, -0.00602269684896, 0.000123516685562
          9.5, 0.00931609235704, 7561.36572266, 3298.55273438, 7653.66699219,  3416.6730957, 0.138881027699, 0.0485095195472, 0.00252095540054,  62.343460083, -0.00595311401412, 0.000130580723635
        9.525, -0.0662091821432, 7565.22900391, 3315.34033203, 7650.15869141, 3397.67333984, 0.139542073011, 0.0471317917109, -0.00111491314601, 62.6908416748, -0.00562433619052, 0.000118410360301
         9.55, -0.0661762878299, 7568.82519531, 3335.26806641, 7647.24169922, 3376.11328125, 0.139952987432, 0.0457046069205, -0.00581818679348, 63.0382232666, -0.00527828652412, 0.000105729151983
        9.575, -0.00264059891924, 7568.52685547, 3332.54541016, 7647.74853516, 3380.00976562, 0.139757409692, 0.0459041409194, -0.00228170445189, 63.3856086731, -0.00525220902637, 0.000110435707029
          9.6, 0.0619563497603, 7570.02050781,  3366.8815918, 7645.77441406, 3354.76220703, 0.138505101204, 0.0438182651997, -0.0104368943721,  63.733001709, -0.0047703194432, 9.12727336981e-05
        9.625, -0.0349580831826, 7568.10546875, 3356.82421875, 7646.81396484, 3355.36083984, 0.137995317578, 0.0447658188641, -0.00769539130852, 64.0803909302, -0.00466289557517, 0.000112034264021
         9.65, 0.0145933721215, 7565.39550781, 3343.95556641, 7649.24462891, 3375.04833984, 0.137791842222, 0.0467855036259, -0.000808283570223, 64.4277648926, -0.0043432158418, 0.000162396681844
        9.675, 0.384014427662, 7561.70019531, 3327.60253906, 7652.80810547, 3389.01000977, 0.13829664886, 0.0499926842749, -0.00555975921452, 64.7751312256, -0.00327551970258, 0.000263842928689
          9.7, 0.0135726816952, 7558.13769531, 3293.17333984, 7657.21972656, 3421.48608398, 0.138757497072, 0.0557911209762, -0.00823965109885, 65.1224975586, -0.00111394026317, 0.000459711474832
        9.725, -0.0707830190659, 7557.48486328, 3294.48510742,   7659.921875, 3407.81323242, 0.139387875795, 0.0611399710178, 0.0132156377658, 65.4698562622, 0.00368723529391, 0.000754449516535
         9.75, -0.0709301009774, 7553.81396484, 3302.83862305, 7664.46728516, 3403.14599609, 0.139477342367, 0.0677678063512, 0.00523985549808, 65.8172149658, 0.0114452457055, 0.00121144216973
        9.775, 0.122230395675, 7551.61132812, 3323.21166992, 7668.29394531, 3393.83178711, 0.139244914055, 0.075415045023, -0.00235703424551, 66.1645736694, 0.0232664067298, 0.00188485393301
          9.8, 0.0269892569631, 7545.05224609, 3350.89941406, 7676.36621094, 3370.99145508, 0.138708010316, 0.0859545916319, -0.00350369396619,  66.511932373, 0.0402663946152, 0.00286005018279
        9.825, -0.0708082914352, 7531.11474609, 3330.50292969, 7692.20019531, 3390.32885742, 0.138056278229, 0.103284150362, -0.00681660277769, 66.8592910767, 0.0628620013595, 0.00424895482138
         9.85, 0.335009157658, 7513.22607422, 3309.03417969, 7713.32177734, 3421.12133789, 0.137141466141, 0.124474562705, -0.0132339149714, 67.2066421509, 0.0929753929377, 0.00610188953578
        9.875, -0.00918250251561, 7495.95654297, 3273.23242188, 7735.87158203, 3454.81054688, 0.13720241189, 0.148665681481, -0.000386277097277, 67.5539779663, 0.132030814886, 0.00850167497993
          9.9, -0.059584736824, 7480.98535156, 3276.35766602, 7758.15283203, 3459.95629883, 0.137138143182, 0.173407003284, -0.00368107599206, 67.9012985229, 0.182101622224, 0.0115250265226
        9.925, -0.0711653232574, 7464.73144531, 3293.03100586, 7782.87060547, 3438.58325195, 0.13753695786, 0.200201973319, -0.00603986019269, 68.2486038208, 0.244453042746, 0.01530027017
         9.95, 0.0061517553404, 7443.31787109, 3313.58374023, 7813.61523438, 3434.82421875, 0.136945873499, 0.231124773622, -0.00569060631096, 68.5959014893, 0.320169359446, 0.0199694838375
        9.975, -0.0787259787321, 7414.40429688, 3290.43017578, 7852.88720703, 3464.57958984, 0.136335715652, 0.268246173859, -0.00758717488497, 68.9431686401, 0.41017845273, 0.0256787519902
           10, -0.0949737802148, 7382.54980469, 3259.41943359, 7896.28222656, 3506.06884766, 0.135080233216, 0.308491885662, -0.0149660408497, 69.2904129028, 0.516149044037, 0.0325217097998
       10.025, -0.0147757306695,   7351.640625, 3231.91186523, 7940.80859375, 3552.64428711, 0.133438006043, 0.351099491119, -0.00896834954619, 69.6376190186, 0.639278888702, 0.0406227447093
        10.05, -0.0565868355334, 7324.43066406, 3234.72509766, 7983.64941406, 3552.88720703, 0.132976830006, 0.392993927002, -0.0163074228913, 69.9847564697, 0.781096935272, 0.050081603229
       10.075, 0.214027091861, 7295.20214844, 3246.94946289,  8029.7109375, 3561.61401367, 0.132094681263, 0.436427682638, -0.0183407533914, 70.3318328857, 0.94185847044, 0.0610526800156
         10.1, -0.00576201826334, 7263.16455078, 3261.07128906, 8079.22314453, 3555.88769531, 0.131618544459, 0.480510443449, -0.0116072194651, 70.6788330078, 1.12230706215, 0.0736521705985
       10.125, 0.0657319277525, 7225.40771484, 3236.39257812,    8134.71875, 3593.58203125, 0.131197497249, 0.528568863869, -0.0158867947757, 71.0257263184, 1.32213115692, 0.0880386531353
        10.15, -0.0980636402965, 7187.54882812, 3203.81103516, 8190.77685547, 3638.78222656, 0.13099180162,  0.5765619874, -0.00892100390047, 71.3724975586, 1.54209399223, 0.104281760752
       10.175, 0.0159234330058, 7152.97851562, 3165.38598633, 8244.44238281, 3682.20092773, 0.131286561489, 0.623347520828, -0.0174219775945, 71.7191390991, 1.78219199181, 0.122476793826
         10.2, -0.0517317652702, 7123.91259766, 3173.28857422, 8292.87695312, 3684.56079102, 0.131631523371, 0.666858196259, -0.013771568425, 72.0656204224,  2.0427043438, 0.14270311594
       10.225, -0.105244934559, 7095.11865234, 3181.27905273, 8340.70410156, 3682.28515625, 0.132467836142, 0.70927888155, -0.0141964033246, 72.4119110107,  2.3227288723, 0.165076836944
        10.25, 0.00699684303254, 7064.93652344, 3200.87866211, 8388.53710938, 3680.01611328, 0.132720321417, 0.748971521854, -0.006399941165, 72.7580184937, 2.62184858322, 0.189662799239
       10.275, -0.0431792885065, 7032.30175781, 3174.03320312, 8437.52441406, 3709.26855469, 0.133127599955, 0.787625968456, -0.00995089579374, 73.1038894653, 2.93888950348, 0.216554746032
         10.3, -0.0888846889138, 7002.21435547, 3144.49731445, 8482.73828125, 3745.26293945, 0.133060857654, 0.823529422283, -0.0121423639357, 73.4495239258, 3.27328038216, 0.245804294944
       10.325, 0.025758292526, 6976.83203125, 3105.59716797, 8522.55273438,  3787.8371582, 0.133287161589, 0.856698155403, -0.0131030222401, 73.7948760986, 3.62402701378, 0.277464419603
        10.35, -0.0437668375671, 6959.34326172, 3122.07470703, 8553.93066406, 3785.03271484, 0.133353605866, 0.883239686489, -0.0118992971256, 74.1399383545, 3.99098205566, 0.311533719301
       10.375, 0.0868373066187, 6944.22607422, 3133.87548828, 8581.93066406, 3777.11328125, 0.133776366711, 0.905865252018, -0.0122970435768, 74.4846801758, 4.37240457535, 0.348069816828
         10.4, 0.00499939126894, 6929.37744141, 3157.77124023, 8607.63378906, 3762.13647461, 0.133571371436, 0.924299240112, -0.000500649621245, 74.8290939331,  4.7670135498, 0.387086331844
       10.425, -0.0631156563759, 6912.98876953, 3142.50366211, 8632.68066406, 3780.18334961, 0.133195117116, 0.941333591938, -0.0045655365102, 75.1731567383,  5.1724820137, 0.428614169359
        10.45, -0.0885379612446, 6898.53076172, 3116.54223633, 8653.69042969, 3812.48779297, 0.132222503424, 0.954976737499, -0.00322750746273, 75.5168533325, 5.58715105057, 0.472619265318
       10.475, 0.0119789401069, 6889.87255859,        3092.5, 8667.79394531, 3840.86450195, 0.131254211068, 0.964451849461, -0.00902285985649, 75.8601913452, 6.00887870789, 0.519066751003
         10.5, -0.0479636788368, 6889.17724609, 3112.47973633, 8672.53222656, 3826.87426758, 0.130201205611,  0.9669688344, -0.00330154318362,  76.203163147, 6.43581056595, 0.567887067795
       10.525, -0.143542721868, 6890.44335938, 3133.91992188, 8673.12402344, 3811.17382812, 0.128930807114, 0.965080618858, -0.0045141261071, 76.5457763672, 6.86502552032, 0.619056403637
        10.55, 0.0489445105195, 6892.81933594, 3166.39038086, 8670.28515625, 3781.79125977, 0.127222180367, 0.958120882511, -0.00920565985143, 76.8880310059, 7.29431390762, 0.672504127026
       10.575, 0.147223547101, 6893.43066406, 3155.38427734, 8666.89160156, 3803.66845703, 0.124823614955, 0.949723124504, -0.00432139635086, 77.2299423218, 7.72033977509, 0.728192865849
         10.6, -0.0810873582959, 6898.41748047, 3144.65649414, 8658.28613281, 3818.90820312, 0.122835941613, 0.937317550182, -0.00409010890871, 77.5715103149, 8.14118480682, 0.786008179188
       10.625, 0.00267099309713, 6908.38769531, 3128.15649414, 8644.04003906,  3843.8918457, 0.120788373053, 0.921336829662, -0.00289185810834, 77.9127502441, 8.55425643921, 0.845855772495
        10.65, -0.0512878000736,  6926.9609375, 3156.23217773, 8621.00878906, 3817.67236328, 0.11911021173, 0.898114740849, -0.00224532815628,  78.253692627, 8.95785903931, 0.907584607601
       10.675, 0.0873440802097, 6949.04199219, 3184.62792969, 8594.24609375, 3791.40063477, 0.117817170918, 0.870169818401, -0.00190408236813, 78.5943450928, 9.34887695312, 0.971098601818
         10.7, 0.0250897910446, 6973.03955078, 3225.57226562, 8564.72558594, 3756.79101562, 0.116682492197, 0.836871266365, 0.00706574646756, 78.9347305298,   9.725066185, 1.03625953197
       10.725, 0.19287493825,    6996.21875, 3223.96850586, 8534.70996094, 3762.30395508, 0.115656629205, 0.801231265068, 0.000592009921093, 79.2748718262,  10.083735466, 1.10296273232
        10.75, -0.0345533192158, 7024.93408203, 3218.38916016, 8498.61523438, 3769.22924805, 0.114282913506, 0.760127961636, 0.00971854664385, 79.6147994995,    10.4234972, 1.17103290558
       10.775, 0.0511369928718, 7033.55566406, 3202.97412109, 8455.24316406, 3774.98364258, 0.112878039479, 0.716480731964, 0.0137580307201,  79.954536438, 10.7419605255, 1.24035131931
         10.8, -0.0868917182088, 6985.15234375, 3232.11791992, 8401.86132812,  3736.0065918, 0.109655603766, 0.676087081432, 0.0316456183791, 80.2941131592, 11.0375738144, 1.31084096432
       10.825, -0.105920746922, 7008.01220703, 3258.55883789, 8342.93066406, 3696.03051758, 0.104569554329, 0.642156660557, 0.0503965318203, 80.6335449219, 11.3081979752, 1.38237512112
        10.85, -0.00677340943366, 7009.50292969, 3290.82958984, 8278.31054688, 3660.57641602, 0.0969349145889, 0.609818994999, 0.066288150847, 80.9729003906, 11.5516452789, 1.45469081402
       10.875, 0.0955276489258, 6988.22998047, 3280.50439453, 8208.95703125, 3660.39990234, 0.0891836360097, 0.575818896294, 0.0591650530696, 81.3121871948, 11.7654848099, 1.52754759789
         10.9, 0.245780929923,  6976.3203125, 3266.07617188, 8130.81445312, 3659.72729492, 0.0817521736026, 0.534721434116, 0.0547130815685, 81.6514511108,  11.948925972, 1.60070705414
       10.925, -0.527199566364,  6980.5546875, 3247.08813477, 8046.69238281, 3659.65869141, 0.0755179896951, 0.486025214195, 0.0275040064007, 81.9907226562, 12.1010856628, 1.67399382591
        10.95, -0.574459671974, 6999.19775391, 3262.17578125, 7963.22802734, 3631.69165039, 0.068439245224, 0.43494451046, 0.0145219909027,  82.330039978,  12.221906662, 1.74730694294
       10.975, 0.590804994106, 7032.06738281, 3310.38134766, 7883.83007812,  3579.4309082, 0.0625458881259, 0.379690617323, -0.00126758671831,  82.669418335, 12.3114862442, 1.82044446468
           11, -0.664448857307, 7080.03417969, 3304.40405273, 7817.45849609, 3557.28662109, 0.0643981471658, 0.316480070353, 0.0569347813725, 83.0088348389, 12.3682451248, 1.89316475391
       11.025, 0.266436189413, 7150.82666016, 3321.45703125, 7746.39941406, 3517.05712891, 0.0725150406361, 0.240936428308, -0.00964207295328, 83.3483352661, 12.3931627274, 1.96525490284
        11.05, -0.253451228142, 7241.43554688, 3330.32324219, 7677.45800781, 3471.65161133, 0.0851261094213, 0.156837806106, 0.0493238531053, 83.6879806519, 12.3866119385, 2.03658652306
       11.075, -0.179519683123, 7346.97412109, 3331.63598633, 7602.49072266, 3414.85668945, 0.0998715236783, 0.0665493756533, -0.01427257061, 84.0278015137, 12.3493423462, 2.10701704025
         11.1, 0.45799651742, 7462.50732422, 3361.19604492, 7527.23535156, 3352.56030273, 0.113748192787, -0.0282699298114, 0.0221010074019, 84.3678665161, 12.2822399139, 2.17639803886
       11.125, -0.588201999664, 7582.52050781, 3337.55737305, 7455.18554688, 3299.76806641, 0.129809394479, -0.12320831418, -0.0147400079295, 84.7081604004,  12.185379982, 2.24460101128
        11.15, 0.455986261368, 7707.57128906, 3381.00708008, 7380.53808594, 3232.01074219, 0.144434481859, -0.22055119276, 0.0186566580087, 85.0487365723, 12.0603551865, 2.31144475937
       11.175, -0.591980159283, 7830.56982422, 3360.66064453, 7312.12451172,  3178.2734375, 0.162523239851, -0.313676774502, -0.0132290134206, 85.3895568848, 11.9065504074,  2.3768362999
         11.2, 0.454755753279, 7953.07617188, 3400.70019531, 7242.45117188, 3113.33740234, 0.179153889418, -0.406538367271, 0.0245394799858, 85.7306900024, 11.7261896133, 2.44060063362
       11.225, -0.159086793661, 8068.52929688,  3411.6862793, 7175.35888672, 3083.31884766, 0.194498285651, -0.493079096079, -0.00310432934202, 86.0721359253, 11.5194787979, 2.50266885757
        11.25, 0.0251316800714, 8174.94921875, 3441.79516602, 7112.94287109, 3019.71020508, 0.205315172672, -0.571975648403, -0.0389781557024, 86.4139328003,  11.288028717, 2.56294226646
       11.275, -0.0265811588615, 8265.56640625,  3458.2409668, 7059.78271484, 2992.65429688, 0.210272148252, -0.639885127544, -0.0237983185798, 86.7560882568, 11.0327415466, 2.62134718895
         11.3, 0.425058573484, 8344.28222656,  3445.1953125,  7011.6015625, 2983.42944336, 0.214249238372, -0.699778437614, -0.0191071890295, 87.0985641479, 10.7557935715, 2.67774486542
       11.325, -0.133870363235, 8413.13671875, 3447.19213867, 6966.14746094, 2988.39868164, 0.218023061752, -0.753106534481, 0.0318021774292, 87.4413375854, 10.4595193863, 2.73204088211
        11.35, -0.124043174088, 8474.44238281, 3454.47290039, 6922.63134766, 2952.81225586, 0.224396750331, -0.799673736095, 0.0115359900519, 87.7843856812, 10.1458158493, 2.78417420387
       11.375, -0.161480665207, 8526.74609375, 3490.91967773, 6882.46484375, 2909.10913086, 0.229580789804, -0.839988470078, 0.00600539892912, 88.1277313232, 9.81606864929,  2.8341012001
         11.4, 0.0502319410443, 8567.60839844, 3512.57299805, 6849.83740234, 2867.19921875, 0.233819454908, -0.87172806263, -0.0109157087281, 88.4713745117, 9.47103881836, 2.88181853294
       11.425, 0.130060374737, 8429.85351562, 3512.97924805, 6824.87548828, 2863.00683594, 0.232838109136, -0.888173043728, 0.0168561507016, 88.8153305054, 9.11229038239, 2.92739033699
        11.45, 0.600752770901, 8306.46484375, 3490.74072266, 6795.03027344, 2874.41430664, 0.223857700825, -0.88747471571, 0.0602037720382, 89.1596374512, 8.74107456207,  2.9707660675
       11.475, -0.00371902482584, 8313.81738281, 3449.72973633, 6750.77832031, 2907.20239258, 0.205061718822, -0.868070185184, 0.102420583367, 89.5042953491, 8.35916233063, 3.01193904877
         11.5, -0.0952893272042, 8287.31835938, 3443.76977539, 6692.99560547, 2921.61450195, 0.181590393186, -0.83876991272, 0.10473177582, 89.8492584229, 7.97116565704,  3.0509147644
       11.525, -0.13204421103, 8202.84472656,  3461.6887207, 6630.94433594, 2904.73706055, 0.161670535803, -0.809211611748, 0.0687178298831, 90.1944122314, 7.58065319061, 3.08770465851
        11.55, -0.0390575639904, 8101.83007812, 3477.78955078, 6585.99658203, 2893.86791992, 0.148365214467, -0.785469412804, 0.0312124341726, 90.5397262573, 7.18990373611, 3.12231230736
       11.575, -0.107856400311, 8023.76318359, 3459.97290039, 6568.20214844, 2924.06542969, 0.140282586217, -0.767617821693, 0.00574931222945, 90.8852081299, 6.79995727539, 3.15477752686
         11.6, 0.366616338491, 7984.43212891, 3437.37792969, 6568.91992188, 2951.44799805, 0.135773673654, -0.755717277527, -0.0135281123221, 91.2308578491, 6.41295957565, 3.18514585495
       11.625, -0.141316890717, 7973.24169922,   3422.703125,    6579.40625,  2986.7421875, 0.132659286261, -0.746016085148, 0.0206266697496, 91.5766830444, 6.03106021881, 3.21352243423
        11.65, -0.0930881947279, 7977.66796875, 3415.41699219, 6591.66601562, 2984.79150391, 0.132682144642, -0.737137615681, -0.00712404120713, 91.9226455688, 5.65652608871, 3.23999333382
       11.675, -0.614323139191, 7985.24414062, 3437.51123047, 6606.46337891, 2970.94506836, 0.133650630713, -0.727958321571, -0.00720079755411, 92.2687530518, 5.29115533829, 3.26464676857
         11.7, -0.00502493279055, 7989.96777344, 3468.34204102, 6626.79345703, 2948.06982422, 0.135651886463, -0.71666520834, -0.0183898378164, 92.6149902344, 4.93600082397, 3.28757357597
       11.725, -0.0862843841314, 7987.60058594,  3459.2980957, 6656.89599609, 2976.71264648, 0.137194797397, -0.699485599995, -0.0222217403352, 92.9613571167, 4.59129095078, 3.30888581276
        11.75, 0.308060467243,    7982.65625, 3432.80957031, 6691.36181641, 3002.18945312, 0.138881906867, -0.679034411907, -0.0260422732681, 93.3078384399, 4.25840997696, 3.32862639427
       11.775, -0.0153176300228, 7976.87158203, 3403.10913086, 6725.86181641, 3040.68139648, 0.139869183302, -0.656449139118, -0.0141504053026, 93.6544418335, 3.93853139877, 3.34685826302
         11.8, -0.0828660130501, 7972.90673828, 3408.43945312, 6756.56591797, 3036.04833984, 0.141340181231, -0.634476959705, -0.0128660276532, 94.0011291504, 3.63308525085, 3.36362957954
       11.825, -0.544164597988, 7966.51806641, 3493.33349609, 6786.13525391, 3030.40356445, 0.137796148658, -0.615898668766, -0.0429785251617, 94.3479537964, 3.34300494194,  3.3789896965
        11.85, -0.511803388596, 7959.71240234,  3486.0480957,   6811.390625, 3047.71386719, 0.129481717944, -0.603293597698, -0.0561995916069, 94.6949234009, 3.06627488136, 3.39298701286
       11.875, -0.496274501085, 7954.79882812, 3500.19750977, 6830.74804688, 3070.23168945, 0.116478033364, -0.592115342617, -0.0595837309957, 95.0420150757, 2.80518221855, 3.40577411652
         11.9, -0.10870564729, 7949.24072266, 3416.33886719, 6849.15722656, 3092.77319336, 0.112584680319, -0.572048544884, 0.0103987939656, 95.3890686035, 2.56090712547, 3.41754484177
       11.925, -0.0272805243731, 7935.92382812, 3433.47070312, 6882.42236328, 3092.79296875, 0.123119428754, -0.529764831066, 0.0298750828952, 95.7359924316, 2.33688139915, 3.42852020264
        11.95, -0.0380871370435, 7906.93164062, 3454.72143555, 6938.49462891, 3093.46557617, 0.143219649792, -0.474092632532, 0.0413302928209, 96.0828552246, 2.13040566444,  3.4386203289
       11.975, -0.0956193804741, 7865.02246094, 3423.27246094, 7009.61523438, 3107.14282227, 0.157126501203, -0.420730233192, 0.00864599924535, 96.4298400879, 1.93583607674, 3.44770240784
           12, 0.521276831627, 7822.39257812, 3373.21850586, 7075.39941406, 3130.42993164, 0.157073110342, -0.379421114922, -0.0324640534818, 96.7770385742, 1.75120675564, 3.45572972298
       12.025, -0.107540898025, 7790.41113281, 3325.06860352, 7121.87988281, 3166.14868164, 0.148480042815, -0.348573714495, -0.0244960319251, 97.1243667603, 1.57764089108, 3.46281266212
        12.05, 0.0947657078505, 7774.44287109, 3339.14160156, 7149.46923828, 3175.91430664, 0.140597715974, -0.325667828321, -0.0431936495006, 97.4717178345, 1.41766178608, 3.46906685829
       12.075, -0.0714767947793,      7762.125, 3342.50610352, 7178.71435547, 3212.83203125, 0.13820785284, -0.301687330008, -0.0189550705254, 97.8190155029, 1.27073788643, 3.47466158867
         12.1, -0.075208760798, 7757.52392578, 3374.52001953, 7207.78857422,  3208.5065918, 0.139388009906, -0.278041154146, -0.0177910197526,  98.166305542,  1.1364402771, 3.47963786125
       12.125, -0.0494199730456, 7749.13525391, 3387.24291992, 7243.47949219, 3207.15332031, 0.140423670411, -0.253134846687, -0.0278991702944, 98.5136184692, 1.01294064522, 3.48406076431
        12.15, 0.0197793878615, 7738.22607422, 3400.79467773, 7278.77001953, 3204.69165039, 0.139505088329, -0.230532720685, -0.0226816982031, 98.8609771729, 0.899642467499, 3.48793983459
       12.175, -0.0854205712676, 7721.71337891, 3381.09960938, 7313.65380859, 3235.84790039, 0.137757271528, -0.207478195429, -0.0135954516008, 99.2083587646, 0.79542940855, 3.49135518074
         12.2, 0.536935448647, 7705.82275391, 3368.06103516, 7343.71337891, 3260.69238281, 0.136596232653, -0.185476750135, -0.0208269823343, 99.5557556152, 0.700357437134, 3.49433660507
       12.225, 0.279184758663, 7691.97802734, 3361.39892578, 7370.79052734, 3286.96411133, 0.135954111814, -0.164086908102, -0.0186934601516, 99.9031600952, 0.613767027855, 3.49692964554
        12.25, -0.111773520708, 7678.36083984, 3338.10571289, 7397.48974609, 3321.76831055, 0.135575562716, -0.141959547997, 0.011068710126, 100.250587463,   0.534722507, 3.49918580055
       12.275, -0.074377708137, 7669.12255859, 3333.11010742, 7420.42138672, 3313.75585938, 0.13648994267, -0.123535528779, -0.00339285377413, 100.598014832, 0.463376581669, 3.50108933449
         12.3, -0.450387001038, 7661.37988281, 3350.69677734, 7440.44824219, 3299.73193359, 0.136967271566, -0.107907034457, -0.000259386666585, 100.945457458, 0.39893078804, 3.50268292427
       12.325, 0.0200855322182, 7652.64794922, 3383.37158203, 7459.17285156, 3282.47607422, 0.137100249529, -0.0940964519978, -0.0106072574854, 101.292922974, 0.340724259615, 3.50400662422
        12.35, -0.0841166451573, 7639.25585938, 3360.48071289, 7481.29248047, 3307.50463867, 0.137268051505, -0.0779856294394, -0.00322181056254, 101.640403748, 0.287358343601, 3.50513195992
       12.375, 0.66161942482, 7626.82714844, 3348.51367188, 7501.45361328, 3332.90454102, 0.136621654034, -0.0637181848288, -0.016772300005,  101.98790741, 0.239239528775, 3.50603890419
         12.4, 0.667646467686, 7620.02636719, 3344.34912109, 7516.44580078, 3335.75463867, 0.13694870472, -0.0523589737713, -0.0157786663622, 102.335418701, 0.196122825146, 3.50673985481
       12.425, -0.112925447524, 7611.45751953,  3319.0402832, 7532.44775391, 3369.87231445, 0.137014001608, -0.0401211902499, 0.0157581698149, 102.682937622, 0.157042622566,  3.5072991848
        12.45, -0.0728441551328, 7608.56494141, 3315.51855469, 7543.31005859, 3362.03442383, 0.137902244925, -0.0309077687562, -9.05262349988e-05, 103.030471802, 0.122459068894, 3.50769376755
       12.475, -0.237597733736, 7607.41503906, 3336.90283203, 7551.57617188,  3346.8269043, 0.137652337551, -0.0231346208602, -0.00166738138068,  103.37802124, 0.0918104350567, 3.50795841217
         12.5, -0.0541254505515, 7603.51269531, 3345.73022461, 7561.31640625, 3334.93188477, 0.137791678309, -0.0161715541035, -0.0222647003829, 103.725578308, 0.0645381510258,  3.5081140995
       12.525, 0.0477204062045, 7599.92724609, 3374.91870117, 7570.12841797, 3325.53051758, 0.136943146586, -0.0104445032775, -0.0125894024968, 104.073158264, 0.040531296283, 3.50817131996
        12.55, -0.0109612224624, 7591.77392578, 3355.04321289,  7582.5703125, 3350.66430664, 0.136561527848, -0.00191873486619, -0.00821605138481,  104.42073822, 0.0188078023493, 3.50818562508
       12.575, 0.414235562086, 7586.41162109, 3351.43798828, 7591.91943359, 3356.30004883, 0.136147364974, 0.00499483477324, -0.0183635018766, 104.768333435, -1.05647213786e-05, 3.50811934471
         12.6, 0.515239715576,  7581.0859375, 3339.93383789,   7601.484375, 3378.46142578, 0.135404020548, 0.0105529511347, -0.0135345282033, 105.115936279, -0.0164860934019,  3.5079832077
       12.625, -0.0549349226058, 7577.28613281, 3309.44750977, 7609.14794922, 3407.75708008, 0.135098069906, 0.0168707668781, 0.00625407183543, 105.463546753, -0.0310004111379, 3.50781178474
        12.65, -0.0074246795848, 7575.50683594, 3310.93457031, 7614.84570312, 3407.78173828, 0.134905964136, 0.0221134126186, 0.000925913453102, 105.811157227, -0.0430957712233, 3.50759339333
       12.675, -0.0711615607142,     7575.4375,   3313.859375, 7618.74902344, 3391.39770508, 0.135635823011, 0.0256444178522, 0.00397888105363,   106.1587677, -0.0531420074403, 3.50732588768
         12.7, -0.0010112375021, 7574.85205078, 3325.74707031, 7622.62646484, 3395.78149414, 0.135569617152, 0.0281868353486, -0.000174825705471, 106.506393433, -0.0615096241236, 3.50702357292
       12.725, -0.564545154572, 7574.58837891, 3323.32568359, 7626.03808594, 3387.38769531, 0.136386156082, 0.0304635129869, 0.00570087181404, 106.854011536, -0.0683247372508, 3.50670266151
        12.75, -0.0674344077706, 7575.27050781, 3344.93164062, 7627.32519531, 3378.15429688, 0.135623201728, 0.0323651619256, -0.00594747345895, 107.201652527, -0.0735378563404, 3.50636863708
       12.775, 0.00372137431987, 7574.51464844, 3355.40161133, 7630.05322266, 3360.49902344, 0.135588273406, 0.0346020907164, -0.00989848095924, 107.549293518, -0.0774241685867, 3.50603342056
         12.8, -0.0541626773775, 7568.71923828, 3347.29248047, 7636.93652344, 3373.44458008, 0.135491833091, 0.0388861186802, 0.000247776100878, 107.896934509, -0.0803792625666, 3.50572037697
       12.825, 0.561518251896, 7563.98242188, 3337.59619141, 7642.92333984, 3383.66918945, 0.136011481285, 0.0427717231214, -0.00663467030972,   108.2445755, -0.0821506381035, 3.50540614128
        12.85, -0.101458162069, 7561.27441406, 3323.56201172, 7647.66699219, 3395.96801758, 0.136983051896, 0.0450661815703, 0.00445682788268, 108.592208862, -0.0828070193529, 3.50508236885
       12.875, -0.102951668203, 7560.56005859,  3322.1652832, 7650.05517578, 3399.79492188, 0.137537062168, 0.0455557182431, 0.00661139562726, 108.939849854, -0.0823016390204, 3.50475406647
         12.9, -0.0974761918187,    7560.03125, 3306.37719727, 7651.78857422, 3415.46264648, 0.137461200356, 0.0474967770278, 0.0144000230357, 109.287506104, -0.0810908228159,  3.5044631958
       12.925, -0.0734202563763, 7562.00634766, 3301.75439453, 7651.54931641, 3405.58300781, 0.137571692467, 0.049558263272, 0.00885444227606, 109.635154724, -0.0787675976753, 3.50419926643
        12.95, 0.00681135104969,    7565.21875, 3332.97851562,    7649.34375, 3385.26318359, 0.136962354183, 0.0505590327084, -0.00086062902119, 109.982810974, -0.0753055810928, 3.50395059586
       12.975, -0.0540896058083, 7564.02197266, 3342.14819336, 7651.53417969, 3371.38745117, 0.137395352125, 0.0519976839423, -0.0115858586505, 110.330459595, -0.0713182166219, 3.50373315811
           13, 0.0636957362294, 7563.04931641, 3356.18701172, 7653.56201172, 3364.29589844, 0.137118816376, 0.0523683875799, -0.00509539525956, 110.678115845, -0.0667221173644, 3.50353240967
       13.025, -0.0717807039618, 7558.33642578, 3348.98950195, 7658.62548828, 3380.00415039, 0.136539563537, 0.0540753304958, -0.00429345062003, 111.025772095, -0.0619526915252,  3.5033762455
        13.05, 0.353282362223, 7555.72558594,  3332.9597168, 7661.99365234, 3387.64111328, 0.136860653758, 0.0561675541103, -0.00343421217985, 111.373420715, -0.056836668402,  3.5032544136
       13.075, 0.0722300261259,   7554.296875, 3325.23022461, 7664.55615234, 3399.84399414, 0.137000545859, 0.0578053072095, -0.00181179435458, 111.721069336, -0.0514642521739, 3.50315380096
         13.1, -0.0190931744874, 7552.44335938, 3295.64282227, 7667.48242188, 3425.39379883, 0.137310996652, 0.0604229792953, -0.00404707714915, 112.068710327, -0.0462924689054, 3.50308609009
       13.125, -0.0676238238811, 7555.42333984,  3303.2331543, 7666.42626953, 3415.92333984, 0.13758932054, 0.0600173436105, 0.00870629586279, 112.416351318, -0.0406936258078,   3.503002882
        13.15, -0.0717273876071, 7559.60449219, 3328.91455078, 7663.38574219, 3384.75708008, 0.138476356864, 0.0575331449509, 0.00236700754613,  112.76398468, -0.0350922383368, 3.50290799141
       13.175, -0.0778587237, 7561.26074219, 3339.54199219, 7662.28076172, 3383.29663086, 0.139090240002, 0.0553809963167, 0.00372728146613, 113.111618042, -0.0302490908653, 3.50282049179
         13.2, -0.0455781966448, 7563.94677734, 3338.58886719, 7659.87060547, 3372.34594727, 0.139788374305, 0.051957346499, -0.0217664241791, 113.459251404, -0.026097709313, 3.50271463394
       13.225, 0.0528722628951, 7567.28613281, 3368.22338867, 7655.89648438, 3355.80029297, 0.138218566775, 0.0477147698402, -0.0106451176107, 113.806900024, -0.0226501002908,    3.50258708
        13.25, -0.0420223921537, 7565.57714844, 3347.94042969, 7656.15820312, 3375.61450195, 0.137158572674, 0.0465585179627, -0.00321329175495, 114.154541016, -0.0209551807493, 3.50246596336
       13.275, -0.070447191596, 7566.52685547, 3347.99804688, 7653.79052734, 3371.45410156, 0.137179836631, 0.0441853888333, -0.00619685091078, 114.502166748, -0.0204229559749, 3.50228643417
         13.3, 0.34687140584, 7566.83691406, 3336.13623047,   7652.828125, 3384.66845703, 0.13795761764, 0.0413803309202, -0.000218000379391, 114.849777222, -0.0219304729253, 3.50203180313
       13.325, 0.00180184259079, 7567.58300781, 3303.01025391, 7651.57861328, 3414.99023438, 0.139272272587, 0.0382593609393, 0.00418280670419, 115.197372437, -0.0260184500366, 3.50167560577
        13.35, -0.0618733651936, 7573.77490234, 3301.99511719, 7645.24609375, 3403.53540039, 0.140525519848, 0.0313428193331, 0.0103869298473, 115.544975281, -0.0325278639793, 3.50114512444
       13.375, -0.0685191825032, 7581.12353516, 3321.67993164,  7635.6796875, 3394.47338867, 0.139574334025, 0.021586984396, 0.000808493641671, 115.892585754, -0.0425688028336, 3.50040650368
         13.4, -0.0700147971511, 7591.33349609, 3344.74316406, 7622.72998047, 3368.22558594, 0.13827341795, 0.00987054221332, -0.00418763048947, 116.240203857, -0.0570392422378,  3.4994187355
       13.425, 0.00843449216336, 7600.47412109, 3369.84985352, 7609.59228516, 3330.88012695, 0.137905150652, -0.00375536410138, 0.000641406921204, 116.587799072, -0.0768298730254, 3.49812340736
        13.45, 0.0765394195914, 7610.00048828, 3364.06103516, 7596.00341797, 3329.73754883, 0.139035612345, -0.0188040379435, -0.0199411921203, 116.935371399, -0.103481382132, 3.49645471573
       13.475, -0.048129055649, 7618.98583984, 3366.91235352, 7582.01611328, 3337.93139648, 0.140605956316, -0.0376816652715, 0.00726652238518, 117.282920837, -0.13778975606, 3.49430632591
         13.5, -0.0957034677267, 7631.07128906, 3344.82617188, 7564.35595703, 3342.92211914, 0.143263667822, -0.0589221790433, 0.00684781512246, 117.630455017, -0.181283906102, 3.49160575867
       13.525, 0.234357386827, 7650.02880859, 3359.63818359, 7538.10546875, 3323.84277344, 0.144051477313, -0.0852648466825, 0.00691742030904, 117.977996826, -0.234769552946, 3.48822331429
        13.55, -0.102182768285, 7667.75097656, 3336.72851562, 7510.24755859, 3339.11376953, 0.143872514367, -0.112435512245, 0.0234123636037, 118.325531006, -0.300585567951, 3.48409461975
       13.575, -0.0699333325028, 7693.12792969, 3354.62573242, 7473.09912109, 3304.95361328, 0.144190460443, -0.145850628614, 0.00765180354938, 118.673034668, -0.378979533911, 3.47904133797
         13.6, -0.0732490792871,  7720.5703125, 3385.77661133,  7431.8828125,    3270.09375, 0.14487439394, -0.183359906077, 0.0116284573451, 119.020500183, -0.471781343222,  3.4729616642
       13.625, 0.112003430724,     7747.9375, 3408.84301758, 7389.15917969, 3225.79589844, 0.146962404251, -0.223744273186, 0.00159679877106, 119.367912292, -0.580394268036, 3.46573901176
        13.65, -0.0801212713122, 7772.72851562, 3403.28833008, 7346.42041016, 3223.04492188, 0.148363128304, -0.265127927065, 0.01883694157, 119.715293884, -0.706491231918, 3.45725893974
       13.675, 0.366539597511, 7799.74853516, 3397.41967773, 7299.25244141, 3212.91577148, 0.149562448263, -0.309184461832, 0.0134595353156, 120.062614441, -0.850640177727, 3.44737029076
         13.7, -0.125625580549, 7830.36669922, 3381.57446289, 7246.27490234, 3213.95654297, 0.150729671121, -0.355001777411, 0.0401442609727, 120.409858704, -1.01377439499,  3.4359536171
       13.725, -0.0779743418097, 7865.63085938, 3390.97802734, 7187.00732422, 3177.20874023, 0.152810141444, -0.403670549393, 0.0264928936958, 120.757011414, -1.19601047039, 3.42287182808
        13.75, -0.0868319943547,   7901.265625, 3425.46142578, 7124.94580078, 3126.00292969, 0.154379978776, -0.453011184931, 0.0249995086342, 121.104064941, -1.39806580544, 3.40802454948
       13.775, 0.0966164693236, 7933.03857422, 3450.42382812, 7064.61474609, 3075.75244141, 0.155993357301, -0.501099646091, 0.0085665769875,  121.45098877, -1.62052726746, 3.39131426811
         13.8, -0.0833283215761, 7958.11474609, 3448.69482422, 7008.76806641, 3062.07592773, 0.156907036901, -0.546427488327, 0.0272097811103, 121.797782898, -1.86370766163,  3.3726477623
       13.825, 0.904511988163, 7982.86572266, 3446.56689453, 6952.03222656, 3054.84155273, 0.157599627972, -0.591436684132, 0.0122618358582,  122.14440918, -2.12691473961, 3.35189819336
        13.85, -0.0102931037545, 8007.22363281, 3415.89526367, 6895.87939453, 3055.17993164, 0.159055009484, -0.633414983749, 0.0270524416119, 122.490852356, -2.4101369381, 3.32900428772
       13.875, -0.0857324004173,  8034.9140625, 3432.11987305, 6836.33837891, 3020.98925781, 0.159652173519, -0.675378322601, 0.0265007577837, 122.837081909, -2.71194624901, 3.30384993553
         13.9, -0.0958541706204, 8060.48681641, 3458.94116211, 6779.17041016, 2977.17285156, 0.159713998437, -0.714948296547, 0.0252528041601, 123.183082581, -3.03202366829,  3.2763864994
       13.925, -0.0843778178096, 8080.71240234, 3481.70629883, 6727.31787109, 2948.73022461, 0.159002959728, -0.750976204872, 0.0299215819687, 123.528839111, -3.36992192268, 3.24655890465
        13.95, 0.00549789890647, 8098.08203125, 3494.62451172, 6679.61132812, 2917.41723633, 0.158217012882, -0.782501280308, 0.0180556289852, 123.874305725, -3.72506141663, 3.21432542801
       13.975, 0.0686170607805, 8111.39648438, 3511.10888672, 6637.43261719, 2903.60473633, 0.15602453053, -0.808738410473, 0.00659412052482, 124.219490051, -4.09625387192,  3.1796541214
           14, -0.0852233991027, 8117.85546875, 3493.39331055, 6604.16162109, 2908.48754883, 0.15419575572, -0.829178988934, 0.013743407093, 124.564338684, -4.48223686218, 3.14252448082
       14.025, 0.222595646977, 8121.65185547, 3472.42016602, 6576.48925781, 2916.35522461,  0.1529776752, -0.845305383205, 0.0095630614087, 124.908828735, -4.88081407547, 3.10290956497
        14.05, -0.0899912118912, 8126.54492188, 3455.18676758, 6551.21044922, 2931.21850586, 0.152716964483, -0.859515964985, 0.0299733262509, 125.252944946, -5.28971338272,   3.060785532
       14.075, -0.0896730199456, 8134.46337891,  3449.3034668, 6526.85253906, 2921.13623047, 0.153961792588, -0.873670518398, 0.0242496263236, 125.596656799, -5.70675754547, 3.01615214348
         14.1, -0.0926578864455, 8143.49511719,  3480.4831543, 6502.99804688, 2883.25024414, 0.154281675816, -0.88569098711, 0.0087762363255, 125.940002441, -6.12992477417, 2.96906352043
       14.125, 0.0172776021063, 8148.10986328, 3508.82177734, 6485.12548828, 2850.64135742, 0.153606757522, -0.893570721149, 0.00237131002359, 126.282966614, -6.55727910995,  2.9195830822
        14.15, -0.08243804425, 8144.80371094,    3495.40625, 6475.90527344, 2867.29638672, 0.151647403836, -0.895056247711, -0.000853395147715, 126.625556946, -6.98703956604, 2.86779046059
       14.175, 0.248782843351, 8138.07617188, 3469.65698242, 6472.62451172, 2889.60131836, 0.149518251419, -0.891013801098, -0.000129563719383, 126.967788696, -7.41611909866, 2.81374716759
         14.2, -0.0780737623572, 8128.85351562, 3444.77954102, 6473.89941406,  2924.1887207, 0.146840080619, -0.880295872688, 0.0121872415766, 127.309661865, -7.84190320969, 2.75754332542
       14.225, -0.0925278365612, 8119.95849609, 3437.57080078, 6479.31787109, 2919.44702148, 0.145498722792, -0.865258276463, 0.0113809201866, 127.651176453,  -8.261302948, 2.69924330711
        14.25, -0.0972188934684, 8109.36621094, 3474.38647461, 6488.95654297, 2904.12426758, 0.143137633801, -0.847312927246, -0.00301268417388, 127.992362976, -8.67181491852, 2.63892889023
       14.275, -0.581334173679, 8090.55419922, 3443.71289062, 6511.76513672,  2898.8581543, 0.143485844135, -0.822241604328, -0.00453859847039, 128.333221436, -9.07206821442, 2.57676362991
         14.3, -0.499763578176, 8069.56152344, 3491.43139648, 6539.11523438, 2918.02685547, 0.139890551567, -0.793504476547, -0.0270906034857, 128.673828125, -9.45795440674, 2.51282930374
       14.325, -0.52368336916, 8049.32861328, 3505.09350586, 6568.83837891, 2941.58007812, 0.133457317948, -0.767655193806, -0.043571960181, 129.014190674, -9.82827949524, 2.44718170166
        14.35, -0.147059634328, 8031.80566406, 3446.37768555,  6597.5390625, 2966.30859375, 0.125683143735, -0.74233520031, -0.010309368372, 129.354324341, -10.1820278168, 2.38000178337
       14.375, 0.753315031528, 8003.75292969, 3413.31445312, 6642.12402344,  3003.5847168, 0.12467251718, -0.697230994701, -0.0163700804114, 129.694213867, -10.5142402649, 2.31170487404
         14.4, 0.0016123567475, 7972.66308594, 3390.94360352, 6699.82275391, 3052.58520508, 0.134556591511, -0.634332895279, 0.00719276722521, 130.033828735, -10.8210306168, 2.24241089821
       14.425, -0.0840520188212, 7937.03564453, 3401.68408203, 6771.21142578, 3057.93554688, 0.146095231175, -0.571032881737, 0.00378351914696, 130.373260498, -11.1037502289, 2.17202782631
        14.45, -0.0939672216773, 7896.92285156, 3401.08227539, 6849.35791016, 3057.49047852, 0.149681180716, -0.511486232281, -0.0269751083106, 130.712646484, -11.3650455475, 2.10064029694
       14.475, 0.010420662351, 7856.09765625, 3411.97705078,  6924.2421875, 3058.60571289, 0.143593713641, -0.455751240253, -0.0558283254504, 131.052017212, -11.6032171249, 2.02842879295
         14.5, -0.0905471220613, 7815.40673828, 3382.59423828, 6995.78076172, 3105.00683594, 0.134866848588, -0.398684620857, -0.0525132454932, 131.391342163, -11.8147268295, 1.95566022396
       14.525, 0.300846219063, 7778.08984375, 3361.34619141, 7066.74902344, 3166.79394531, 0.129659280181, -0.341098934412, -0.046914819628, 131.730606079, -11.994893074, 1.88253462315
        14.55, -0.00364031898789, 7744.78808594, 3331.27172852, 7141.08544922, 3236.81054688, 0.130109235644, -0.280475825071, -0.0274505298585,  132.06980896, -12.1425762177, 1.80926418304
       14.575, -0.070001937449, 7715.77197266, 3333.41455078, 7217.50585938, 3258.32250977, 0.133504286408, -0.218799486756, -0.0229921378195, 132.409011841, -12.2575187683, 1.73600077629
         14.6, 0.050088789314, 7684.39746094, 3349.05615234, 7296.46630859, 3268.59155273, 0.135139331222, -0.153839319944, -0.0340660735965, 132.748336792, -12.3407878876, 1.66294157505
       14.625, 0.00221730908379, 7644.70605469, 3364.88574219, 7379.68994141, 3271.16162109, 0.134420096874, -0.0859172567725, -0.0403276458383, 133.087783813, -12.3926877975, 1.59026074409
        14.65, 0.0805085077882, 7595.14941406, 3331.49804688, 7468.18017578, 3325.66040039, 0.132231190801, -0.0136106573045, -0.0396386533976, 133.427398682, -12.4139204025, 1.51815485954
       14.675, -0.00674552097917, 7544.83007812, 3300.40161133, 7555.75976562,  3371.4777832, 0.131062239408, 0.0590209513903, -0.0313008986413, 133.767166138, -12.4036140442, 1.44677436352
         14.7, 0.00249189836904, 7494.69726562, 3264.93994141, 7643.12792969, 3442.33862305, 0.131034255028, 0.133179754019, -0.0235801823437, 134.107147217, -12.3622140884, 1.37631690502
       14.725, -0.0512567535043, 7449.64746094, 3267.38793945, 7726.74121094, 3463.66796875, 0.132222175598, 0.205167680979, -0.0298812929541,  134.44732666, -12.2896232605,  1.3069164753
        14.75, -0.00368167646229, 7403.81494141, 3270.02685547, 7810.62353516, 3475.51098633, 0.132923871279, 0.276160210371, -0.0289278421551, 134.787780762, -12.1871347427, 1.23874700069
       14.775, 0.00631871446967, 7355.69384766, 3284.25537109, 7894.09960938, 3480.34741211, 0.132267892361, 0.34455627203, -0.0356744267046, 135.128509521, -12.0551671982, 1.17194736004
         14.8, 0.0468116514385, 7303.91650391, 3255.81494141, 7978.35107422, 3535.31103516, 0.130446642637, 0.411835491657, -0.032427828759, 135.469543457, -11.8949270248, 1.10667979717
       14.825, -0.0851606875658,  7255.0078125,    3224.46875,  8057.7890625, 3591.44433594, 0.128507986665, 0.475564479828, -0.0251815672964, 135.810897827,  -11.70707798, 1.04305922985
        14.85, 0.0315439030528, 7211.92285156, 3189.37011719,      8130.625, 3645.73291016, 0.127081245184, 0.536089718342, -0.0317650288343, 136.152542114, -11.4931612015, 0.981217801571
       14.875, -0.0461224354804, 7176.12939453, 3197.47827148,   8195.390625, 3657.92285156, 0.126053601503, 0.591004908085, -0.0256205815822, 136.494506836, -11.2542915344, 0.92124158144
         14.9, -0.0327361673117, 7141.41308594, 3204.30249023, 8257.58203125, 3662.47387695, 0.126211777329, 0.64310926199, -0.0229662675411, 136.836761475, -10.9927625656, 0.863259136677
       14.925, 0.0150245968252, 7105.91503906, 3219.47387695, 8318.16796875, 3657.57006836, 0.127299681306, 0.691665709019, -0.0199742820114, 137.179336548, -10.7102003098, 0.807346105576
        14.95, 0.156775027514, 7067.75195312, 3191.69213867, 8378.61132812, 3699.38842773, 0.128582537174, 0.738685429096, -0.0149052198976, 137.522216797, -10.408908844, 0.753592848778
       14.975, -0.0952148735523, 7033.16503906, 3159.58300781, 8433.02734375, 3739.00683594, 0.129679173231, 0.779838323593, -0.00460545532405, 137.865402222, -10.0898275375, 0.702009737492
           15, 0.0153113324195, 7005.44238281, 3125.28857422, 8478.43652344, 3775.45874023, 0.130245357752, 0.814910531044, -0.0144293410704, 138.208892822, -9.75481796265, 0.65263915062
